title,specialization,salary,age,employment,experience_years,experience_months,sex,link
Software Developer,"–ü—Ä–æ–≥—Ä–∞–º–º–∏—Å—Ç, —Ä–∞–∑—Ä–∞–±–æ—Ç—á–∏–∫",,25,"–ø—Ä–æ–µ–∫—Ç–Ω–∞—è —Ä–∞–±–æ—Ç–∞, —Å—Ç–∞–∂–∏—Ä–æ–≤–∫–∞, —á–∞—Å—Ç–∏—á–Ω–∞—è –∑–∞–Ω—è—Ç–æ—Å—Ç—å, –ø–æ–ª–Ω–∞—è –∑–∞–Ω—è—Ç–æ—Å—Ç—å",3,9,False,https://hh.kz/resume/27ecf7a80007e6de260039ed1f776b49346e62
 –ø–æ–ª–Ω–∞—è –∑–∞–Ω—è—Ç–æ—Å—Ç—å",2,10,False,https://hh.kz/resume/e6be9ffe00087d79960039ed1f4973594d4d4a
"Node/Nest.js, Backend developer, Fullstack","Programmer, developer",,22,"project work, part time, full time",3,2,True,https://hh.kz/resume/adf577e500092bc7f80039ed1f5a356965624d
"Full Stack, NODE JS, —Ä–∞–∑—Ä–∞–±–æ—Ç—á–∏–∫, ArchiMate –∞—Ä—Ö–∏—Ç–µ–∫—Ç–æ—Ä","–ü—Ä–æ–≥—Ä–∞–º–º–∏—Å—Ç, —Ä–∞–∑—Ä–∞–±–æ—Ç—á–∏–∫",2‚Äâ764‚Äâ000¬†KZT –Ω–∞¬†—Ä—É–∫–∏,33,"–ø—Ä–æ–µ–∫—Ç–Ω–∞—è —Ä–∞–±–æ—Ç–∞, —Å—Ç–∞–∂–∏—Ä–æ–≤–∫–∞, –≤–æ–ª–æ–Ω—Ç–µ—Ä—Å—Ç–≤–æ, —á–∞—Å—Ç–∏—á–Ω–∞—è –∑–∞–Ω—è—Ç–æ—Å—Ç—å, –ø–æ–ª–Ω–∞—è –∑–∞–Ω—è—Ç–æ—Å—Ç—å",9,0,False,https://hh.kz/resume/79b0be5800018cdf4a0039ed1f434670455270
"Front-end –ø–æ –≤–µ–Ω–µ, node –Ω–∞–∑–∞–ª—å–Ω–æ, pqsql —Ä–µ–∫—Ç–∞–ª—å–Ω–æ",–†—É–∫–æ–≤–æ–¥–∏—Ç–µ–ª—å –≥—Ä—É–ø–ø—ã —Ä–∞–∑—Ä–∞–±–æ—Ç–∫–∏,3‚Äâ600¬†USD –Ω–∞¬†—Ä—É–∫–∏,25,"–ø—Ä–æ–µ–∫—Ç–Ω–∞—è —Ä–∞–±–æ—Ç–∞, —á–∞—Å—Ç–∏—á–Ω–∞—è –∑–∞–Ω—è—Ç–æ—Å—Ç—å, –ø–æ–ª–Ω–∞—è –∑–∞–Ω—è—Ç–æ—Å—Ç—å",6,10,False,https://hh.kz/resume/5671d08e000599e3fc0039ed1f474f51756667
Front end (React | TS) üíª | Mobile ( React native | Typescript) üì± | Backend (Node | Typescript),"–ü—Ä–æ–≥—Ä–∞–º–º–∏—Å—Ç, —Ä–∞–∑—Ä–∞–±–æ—Ç—á–∏–∫",,22,"–ø—Ä–æ–µ–∫—Ç–Ω–∞—è —Ä–∞–±–æ—Ç–∞, —á–∞—Å—Ç–∏—á–Ω–∞—è –∑–∞–Ω—è—Ç–æ—Å—Ç—å, –ø–æ–ª–Ω–∞—è –∑–∞–Ω—è—Ç–æ—Å—Ç—å",2,6,False,https://hh.kz/resume/4afdf6960008931f290039ed1f4b50304c5132
–ü—Ä–æ–≥—Ä–∞–º–º–∏—Å—Ç-—Ä–∞–∑—Ä–∞–±–æ—Ç—á–∏–∫,"–ü—Ä–æ–≥—Ä–∞–º–º–∏—Å—Ç, —Ä–∞–∑—Ä–∞–±–æ—Ç—á–∏–∫",,28,–ø–æ–ª–Ω–∞—è –∑–∞–Ω—è—Ç–æ—Å—Ç—å,4,9,False,https://hh.kz/resume/cf97790a0002f0a0d70039ed1f373054796b45
Frontend-—Ä–∞–∑—Ä–∞–±–æ—Ç—á–∏–∫,–î—Ä—É–≥–æ–µ,,22,"—Å—Ç–∞–∂–∏—Ä–æ–≤–∫–∞, —á–∞—Å—Ç–∏—á–Ω–∞—è –∑–∞–Ω—è—Ç–æ—Å—Ç—å, –ø–æ–ª–Ω–∞—è –∑–∞–Ω—è—Ç–æ—Å—Ç—å",1,11,False,https://hh.kz/resume/faedb5620007af1b560039ed1f464974696b48
Software engineer,"–ü—Ä–æ–≥—Ä–∞–º–º–∏—Å—Ç, —Ä–∞–∑—Ä–∞–±–æ—Ç—á–∏–∫",,23,"—Å—Ç–∞–∂–∏—Ä–æ–≤–∫–∞, –ø–æ–ª–Ω–∞—è –∑–∞–Ω—è—Ç–æ—Å—Ç—å",1,3,False,https://hh.kz/resume/bd1465da0008aca84b0039ed1f5448495a5971
Frontend-—Ä–∞–∑—Ä–∞–±–æ—Ç—á–∏–∫,"–ü—Ä–æ–≥—Ä–∞–º–º–∏—Å—Ç, —Ä–∞–∑—Ä–∞–±–æ—Ç—á–∏–∫",2‚Äâ500¬†USD –Ω–∞¬†—Ä—É–∫–∏,30,–ø–æ–ª–Ω–∞—è –∑–∞–Ω—è—Ç–æ—Å—Ç—å,6,8,False,https://hh.kz/resume/68643c050003a934820039ed1f785064565135
–∏–Ω–∂–µ–Ω–µ—Ä –ø–æ —Ç–µ–ª–µ–∫–æ–º–º—É–Ω–∏–∫–∞—Ü–∏—è–º,–ò–Ω–∂–µ–Ω–µ—Ä –ø–æ —ç–∫—Å–ø–ª—É–∞—Ç–∞—Ü–∏–∏,300‚Äâ000¬†KZT –Ω–∞¬†—Ä—É–∫–∏,43,–ø–æ–ª–Ω–∞—è –∑–∞–Ω—è—Ç–æ—Å—Ç—å,20,7,False,https://hh.kz/resume/0354d1330000dc73ea0039ed1f754f47527073
Frontend-—Ä–∞–∑—Ä–∞–±–æ—Ç—á–∏–∫,"–ü—Ä–æ–≥—Ä–∞–º–º–∏—Å—Ç, —Ä–∞–∑—Ä–∞–±–æ—Ç—á–∏–∫",,29,"—á–∞—Å—Ç–∏—á–Ω–∞—è –∑–∞–Ω—è—Ç–æ—Å—Ç—å, –ø–æ–ª–Ω–∞—è –∑–∞–Ω—è—Ç–æ—Å—Ç—å",8,6,False,https://hh.kz/resume/0db1d7c00002336f550039ed1f32503931734d
"Junior React —Ä–∞–∑—Ä–∞–±–æ—Ç—á–∏–∫, IT —Å–ø–µ—Ü–∏–∞–ª–∏—Å—Ç","–ü—Ä–æ–≥—Ä–∞–º–º–∏—Å—Ç, —Ä–∞–∑—Ä–∞–±–æ—Ç—á–∏–∫",,32,"–ø—Ä–æ–µ–∫—Ç–Ω–∞—è —Ä–∞–±–æ—Ç–∞, —á–∞—Å—Ç–∏—á–Ω–∞—è –∑–∞–Ω—è—Ç–æ—Å—Ç—å, –ø–æ–ª–Ω–∞—è –∑–∞–Ω—è—Ç–æ—Å—Ç—å",10,6,False,https://hh.kz/resume/f194620500020704660039ed1f6f4b6931565a
Frontend-—Ä–∞–∑—Ä–∞–±–æ—Ç—á–∏–∫,"–ü—Ä–æ–≥—Ä–∞–º–º–∏—Å—Ç, —Ä–∞–∑—Ä–∞–±–æ—Ç—á–∏–∫",,34,"–ø—Ä–æ–µ–∫—Ç–Ω–∞—è —Ä–∞–±–æ—Ç–∞, —á–∞—Å—Ç–∏—á–Ω–∞—è –∑–∞–Ω—è—Ç–æ—Å—Ç—å, –ø–æ–ª–Ω–∞—è –∑–∞–Ω—è—Ç–æ—Å—Ç—å",10,11,False,https://hh.kz/resume/485e00ef0005f3ae590039ed1f354439455069
Frontend-—Ä–∞–∑—Ä–∞–±–æ—Ç—á–∏–∫,"–ü—Ä–æ–≥—Ä–∞–º–º–∏—Å—Ç, —Ä–∞–∑—Ä–∞–±–æ—Ç—á–∏–∫",,28,"–ø—Ä–æ–µ–∫—Ç–Ω–∞—è —Ä–∞–±–æ—Ç–∞, —Å—Ç–∞–∂–∏—Ä–æ–≤–∫–∞, —á–∞—Å—Ç–∏—á–Ω–∞—è –∑–∞–Ω—è—Ç–æ—Å—Ç—å, –ø–æ–ª–Ω–∞—è –∑–∞–Ω—è—Ç–æ—Å—Ç—å",4,9,False,https://hh.kz/resume/3c562fe800045d40790039ed1f43325530646d
"–§—Ä–æ–Ω—Ç–µ–Ω–¥ react, javascript —Ä–∞–∑—Ä–∞–±–æ—Ç—á–∏–∫","–ü—Ä–æ–≥—Ä–∞–º–º–∏—Å—Ç, —Ä–∞–∑—Ä–∞–±–æ—Ç—á–∏–∫",50‚Äâ000¬†—Ä—É–±. –Ω–∞¬†—Ä—É–∫–∏,28,"–ø—Ä–æ–µ–∫—Ç–Ω–∞—è —Ä–∞–±–æ—Ç–∞, —Å—Ç–∞–∂–∏—Ä–æ–≤–∫–∞, –≤–æ–ª–æ–Ω—Ç–µ—Ä—Å—Ç–≤–æ, —á–∞—Å—Ç–∏—á–Ω–∞—è –∑–∞–Ω—è—Ç–æ—Å—Ç—å, –ø–æ–ª–Ω–∞—è –∑–∞–Ω—è—Ç–æ—Å—Ç—å",3,2,False,https://hh.kz/resume/205e9f3800058482fe0039ed1f664f6e307672
JavaScript —Ä–∞–∑—Ä–∞–±–æ—Ç—á–∏–∫,"–ü—Ä–æ–≥—Ä–∞–º–º–∏—Å—Ç, —Ä–∞–∑—Ä–∞–±–æ—Ç—á–∏–∫",350‚Äâ000¬†KZT –Ω–∞¬†—Ä—É–∫–∏,22,"–ø—Ä–æ–µ–∫—Ç–Ω–∞—è —Ä–∞–±–æ—Ç–∞, —Å—Ç–∞–∂–∏—Ä–æ–≤–∫–∞, —á–∞—Å—Ç–∏—á–Ω–∞—è –∑–∞–Ω—è—Ç–æ—Å—Ç—å, –ø–æ–ª–Ω–∞—è –∑–∞–Ω—è—Ç–æ—Å—Ç—å",4,7,False,https://hh.kz/resume/7418fcbc0005a1238d0039ed1f4958794d3561
Teamlead / Full-stack techlead,"–ü—Ä–æ–≥—Ä–∞–º–º–∏—Å—Ç, —Ä–∞–∑—Ä–∞–±–æ—Ç—á–∏–∫",,24,–ø–æ–ª–Ω–∞—è –∑–∞–Ω—è—Ç–æ—Å—Ç—å,6,10,False,https://hh.kz/resume/1e76649a0007f2525a0039ed1f3271664d6133
–°–∏—Å—Ç–µ–º–Ω—ã–π –∞–¥–º–∏–Ω–∏—Å—Ç—Ä–∞—Ç–æ—Ä,–°–∏—Å—Ç–µ–º–Ω—ã–π –∞–¥–º–∏–Ω–∏—Å—Ç—Ä–∞—Ç–æ—Ä,,32,"–ø—Ä–æ–µ–∫—Ç–Ω–∞—è —Ä–∞–±–æ—Ç–∞, —Å—Ç–∞–∂–∏—Ä–æ–≤–∫–∞, —á–∞—Å—Ç–∏—á–Ω–∞—è –∑–∞–Ω—è—Ç–æ—Å—Ç—å, –ø–æ–ª–Ω–∞—è –∑–∞–Ω—è—Ç–æ—Å—Ç—å",9,5,False,https://hh.kz/resume/a706526400036242d00039ed1f625231445777
